사고번호,사고일시,요일,시군구,사고내용,사망자수,중상자수,경상자수,부상신고자수,사고유형,법규위반,노면상태,기상상태,도로형태,가해운전자 차종,가해운전자 성별,가해운전자 연령,가해운전자 상해정도,피해운전자 차종,피해운전자 성별,피해운전자 연령,피해운전자 상해정도
2022010100100004,2022년 1월 1일 00시,토요일,부산광역시 강서구 대저1동,중상사고,0,2,0,0,차대차 - 기타,안전운전불이행,건조,맑음,단일로 - 기타,승용,남,33세,상해없음,승용,남,60세,중상
2022010200100198,2022년 1월 2일 16시,일요일,경상남도 밀양시 산외면,경상사고,0,0,1,0,차대사람 - 기타,안전운전불이행,건조,맑음,단일로 - 기타,승합,여,52세,상해없음,보행자,남,29세,경상
2022010500100334,2022년 1월 5일 18시,수요일,경상북도 경산시 남천면,중상사고,0,1,1,0,차대차 - 추돌,안전운전불이행,건조,맑음,단일로 - 기타,화물,남,69세,중상,화물,남,65세,경상
2022010700100500,2022년 1월 7일 19시,금요일,대구광역시 수성구 시지동,중상사고,0,3,0,0,차대차 - 추돌,안전운전불이행,건조,맑음,단일로 - 기타,승용,남,29세,상해없음,승용,여,26세,중상
2022010800100261,2022년 1월 8일 14시,토요일,대구광역시 수성구 대흥동,경상사고,0,0,1,0,차대차 - 추돌,안전운전불이행,건조,맑음,단일로 - 기타,승용,남,27세,상해없음,승용,남,27세,경상
2022011300100169,2022년 1월 13일 11시,목요일,경상남도 밀양시 상남면,경상사고,0,0,1,0,차대차 - 기타,안전거리미확보,건조,맑음,단일로 - 기타,화물,남,67세,기타불명,승용,남,30세,경상
2022011300100253,2022년 1월 13일 13시,목요일,경상북도 청도군 청도읍,중상사고,0,1,0,0,차대차 - 측면충돌,차로위반,건조,맑음,단일로 - 기타,승용,여,35세,상해없음,승용,여,25세,중상
2022011400100264,2022년 1월 14일 13시,금요일,경상북도 칠곡군 동명면,부상신고사고,0,0,0,1,차량단독 - 기타,안전운전불이행,건조,맑음,단일로 - 기타,화물,남,35세,부상신고,,,,
2022011600100292,2022년 1월 16일 19시,일요일,경상남도 김해시 대동면,경상사고,0,0,1,0,차대차 - 측면충돌,안전운전불이행,건조,맑음,단일로 - 기타,승용,여,45세,상해없음,승용,여,62세,상해없음
2022011600100337,2022년 1월 16일 21시,일요일,경상남도 김해시 대동면,경상사고,0,0,1,0,차대차 - 측면충돌,안전거리미확보,건조,맑음,단일로 - 기타,화물,남,48세,상해없음,승용,남,22세,경상
2022011800100100,2022년 1월 18일 08시,화요일,대구광역시 동구 용계동,중상사고,0,2,2,0,차대차 - 측면충돌,신호위반,건조,맑음,단일로 - 기타,특수,남,61세,중상,승용,남,77세,경상
2022012200100166,2022년 1월 22일 12시,토요일,경상남도 김해시 대동면,경상사고,0,0,3,0,차대차 - 기타,안전운전불이행,건조,맑음,단일로 - 기타,화물,남,52세,상해없음,승용,남,32세,상해없음
2022012600100176,2022년 1월 26일 11시,수요일,경상남도 김해시 대동면,경상사고,0,0,1,1,차대차 - 추돌,안전거리미확보,건조,맑음,단일로 - 기타,승용,남,34세,상해없음,승용,남,47세,부상신고
2022013000100095,2022년 1월 30일 12시,일요일,강원도 홍천군 홍천읍,중상사고,0,3,1,0,차대차 - 측면충돌,차로위반,건조,맑음,단일로 - 기타,승용,남,29세,상해없음,승용,남,61세,중상
2022013000100100,2022년 1월 30일 12시,일요일,경상북도 안동시 풍산읍,경상사고,0,0,2,0,차대차 - 기타,안전운전불이행,건조,맑음,주차장 - 주차장,승용,여,53세,상해없음,승용,남,40세,경상
2022020100100031,2022년 2월 1일 09시,화요일,강원도 원주시 무실동,경상사고,0,0,5,0,차대차 - 추돌,안전운전불이행,건조,맑음,단일로 - 기타,승용,남,22세,상해없음,승용,남,32세,경상
2022020100100189,2022년 2월 1일 19시,화요일,강원도 홍천군 북방면,경상사고,0,0,4,0,차대차 - 측면충돌,기타,건조,맑음,단일로 - 기타,승용,남,60세,상해없음,승용,남,42세,경상
2022020200100123,2022년 2월 2일 14시,수요일,강원도 원주시 호저면,경상사고,0,0,1,0,차대차 - 측면충돌,안전운전불이행,건조,맑음,단일로 - 기타,승용,남,65세,상해없음,승용,여,21세,경상
2022020400100115,2022년 2월 4일 10시,금요일,경상북도 영주시 풍기읍,중상사고,0,2,2,0,차대차 - 추돌,안전운전불이행,건조,맑음,단일로 - 기타,화물,남,41세,상해없음,승용,여,35세,경상
2022020400100199,2022년 2월 4일 13시,금요일,강원도 홍천군 홍천읍,경상사고,0,0,5,0,차대차 - 추돌,안전거리미확보,건조,맑음,단일로 - 기타,승용,남,56세,경상,승용,남,28세,경상
2022021100100367,2022년 2월 11일 18시,금요일,강원도 춘천시 동내면,경상사고,0,0,1,1,차대차 - 추돌,안전거리미확보,건조,맑음,단일로 - 기타,승용,남,31세,상해없음,승용,남,58세,경상
2022021100100368,2022년 2월 11일 18시,금요일,강원도 춘천시 동내면,경상사고,0,0,2,0,차대차 - 측면충돌,안전운전불이행,건조,맑음,단일로 - 기타,특수,남,22세,상해없음,승용,남,34세,경상
2022021500100349,2022년 2월 15일 19시,화요일,경상남도 김해시 상동면,중상사고,0,1,0,0,차대차 - 측면충돌,안전운전불이행,건조,맑음,단일로 - 기타,승용,남,38세,상해없음,승용,남,49세,중상
2022021700100028,2022년 2월 17일 06시,목요일,대구광역시 수성구 가천동,경상사고,0,0,1,0,차대차 - 추돌,안전운전불이행,건조,맑음,단일로 - 기타,특수,남,58세,상해없음,화물,남,38세,경상
2022021700100094,2022년 2월 17일 09시,목요일,강원도 홍천군 북방면,경상사고,0,0,1,0,차대차 - 추돌,안전운전불이행,건조,맑음,단일로 - 기타,승용,남,23세,상해없음,화물,남,63세,경상
2022021700100154,2022년 2월 17일 11시,목요일,강원도 홍천군 북방면,경상사고,0,0,1,0,차대차 - 추돌,안전거리미확보,건조,맑음,단일로 - 기타,화물,남,67세,상해없음,승합,남,46세,경상
2022021800100407,2022년 2월 18일 19시,금요일,경상남도 김해시 대동면,경상사고,0,0,4,0,차대차 - 추돌,안전운전불이행,건조,맑음,단일로 - 기타,승용,여,35세,상해없음,승용,남,63세,경상
2022022400100468,2022년 2월 24일 20시,목요일,경상북도 영주시 풍기읍,경상사고,0,0,1,0,차량단독 - 기타,안전운전불이행,건조,맑음,단일로 - 기타,승용,남,26세,경상,,,,
2022022500100037,2022년 2월 25일 06시,금요일,경상북도 안동시 풍산읍,경상사고,0,0,1,0,차대차 - 추돌,안전운전불이행,건조,맑음,단일로 - 기타,화물,남,67세,상해없음,화물,남,42세,경상
2022022500100384,2022년 2월 25일 17시,금요일,대구광역시 수성구 시지동,경상사고,0,0,1,0,차대차 - 추돌,안전운전불이행,건조,맑음,단일로 - 기타,승용,여,27세,상해없음,승용,여,29세,경상
2022022600100015,2022년 2월 26일 01시,토요일,대구광역시 수성구 욱수동,중상사고,0,1,0,0,차대차 - 추돌,안전거리미확보,건조,맑음,단일로 - 기타,승용,여,37세,상해없음,승용,남,46세,중상
2022022600100137,2022년 2월 26일 11시,토요일,경상북도 경산시 남천면,경상사고,0,0,2,0,차대차 - 추돌,안전운전불이행,건조,맑음,단일로 - 기타,승용,남,33세,상해없음,승용,여,28세,경상
2022022600100277,2022년 2월 26일 16시,토요일,경상남도 김해시 상동면,경상사고,0,0,1,0,차대차 - 기타,안전운전불이행,건조,맑음,단일로 - 기타,승용,남,35세,상해없음,승용,남,57세,경상
2022022700100021,2022년 2월 27일 04시,일요일,경상남도 밀양시 상동면,중상사고,0,1,0,0,차량단독 - 기타,차로위반,건조,맑음,단일로 - 기타,화물,남,58세,상해없음,,,,
2022030500100297,2022년 3월 5일 16시,토요일,경상북도 의성군 안평면,중상사고,0,1,0,0,차대차 - 측면충돌,차로위반,건조,맑음,단일로 - 기타,화물,남,69세,상해없음,승용,남,31세,중상
2022030900100087,2022년 3월 9일 10시,수요일,경상남도 김해시 대동면,경상사고,0,0,2,0,차대차 - 기타,차로위반,건조,맑음,단일로 - 기타,화물,남,36세,상해없음,승용,남,60세,경상
2022031200100083,2022년 3월 12일 10시,토요일,대구광역시 북구 읍내동,중상사고,0,1,9,0,차대차 - 추돌,안전운전불이행,건조,맑음,단일로 - 기타,화물,남,28세,상해없음,승용,남,40세,중상
2022031500100013,2022년 3월 15일 03시,화요일,대구광역시 동구 용계동,경상사고,0,0,1,0,차대차 - 정면충돌,중앙선침범,건조,맑음,단일로 - 기타,승용,남,24세,상해없음,화물,남,42세,경상
2022032400100355,2022년 3월 24일 18시,목요일,대구광역시 수성구 가천동,중상사고,0,3,1,0,차대차 - 추돌,안전운전불이행,건조,맑음,단일로 - 기타,화물,남,47세,상해없음,승용,남,54세,중상
2022032800100154,2022년 3월 28일 11시,월요일,경상남도 김해시 대동면,경상사고,0,0,1,0,차대차 - 추돌,안전운전불이행,건조,맑음,단일로 - 기타,화물,남,60세,경상,특수,남,67세,상해없음
2022040400100024,2022년 4월 4일 04시,월요일,경상남도 밀양시 상남면,경상사고,0,0,1,0,차대차 - 기타,차로위반,건조,맑음,단일로 - 기타,승용,남,74세,경상,승용,남,35세,상해없음
2022040400100038,2022년 4월 4일 06시,월요일,경상남도 김해시 대동면,경상사고,0,0,1,0,차대차 - 추돌,안전운전불이행,건조,맑음,단일로 - 기타,화물,남,56세,상해없음,승용,여,69세,경상
2022040500100020,2022년 4월 5일 02시,화요일,경상남도 김해시 생림면,경상사고,0,0,1,0,차대차 - 기타,안전운전불이행,건조,맑음,단일로 - 기타,승용,남,38세,상해없음,화물,남,42세,경상
2022040600100106,2022년 4월 6일 09시,수요일,경상남도 밀양시 교동,중상사고,0,1,0,0,차대차 - 측면충돌,차로위반,건조,맑음,단일로 - 기타,화물,남,43세,상해없음,화물,남,29세,중상
2022041100100170,2022년 4월 11일 10시,월요일,강원도 춘천시 동산면,경상사고,0,0,3,0,차대차 - 추돌,안전거리미확보,건조,맑음,단일로 - 기타,승합,남,47세,상해없음,승합,남,33세,경상
2022041400100311,2022년 4월 14일 15시,목요일,대구광역시 북구 금호동,중상사고,0,2,0,0,차대차 - 추돌,안전거리미확보,건조,맑음,단일로 - 교량,화물,남,49세,상해없음,승용,여,58세,중상
2022041700100116,2022년 4월 17일 10시,일요일,경상남도 김해시 생림면,경상사고,0,0,2,0,차대차 - 추돌,안전운전불이행,건조,맑음,단일로 - 기타,화물,남,65세,상해없음,승용,여,38세,경상
2022041800100066,2022년 4월 18일 07시,월요일,경상북도 청도군 청도읍,경상사고,0,0,1,0,차대차 - 기타,안전운전불이행,건조,맑음,단일로 - 기타,건설기계,남,37세,상해없음,승용,남,36세,경상
2022042000100334,2022년 4월 20일 14시,수요일,경상북도 경산시 남천면,경상사고,0,0,2,0,차대차 - 정면충돌,안전운전불이행,건조,맑음,단일로 - 기타,화물,남,56세,상해없음,화물,남,35세,경상
2022042400100038,2022년 4월 24일 02시,일요일,경상북도 청도군 청도읍,경상사고,0,0,3,0,차대차 - 추돌,안전운전불이행,건조,맑음,단일로 - 터널,승용,남,24세,상해없음,승용,여,39세,경상
2022042500100379,2022년 4월 25일 16시,월요일,경상남도 밀양시 삼랑진읍,경상사고,0,0,1,1,차대차 - 측면충돌,안전거리미확보,건조,맑음,단일로 - 기타,승용,남,41세,상해없음,화물,남,60세,상해없음
2022042800100196,2022년 4월 28일 11시,목요일,경상남도 김해시 대동면,경상사고,0,0,1,0,차대차 - 기타,안전운전불이행,건조,맑음,단일로 - 기타,특수,남,66세,상해없음,화물,남,35세,경상
2022050200100514,2022년 5월 2일 19시,월요일,대구광역시 북구 관음동,경상사고,0,0,2,0,차대차 - 측면충돌,안전운전불이행,젖음/습기,비,단일로 - 기타,화물,남,63세,상해없음,승용,남,57세,경상
2022050300100378,2022년 5월 3일 16시,화요일,경상남도 밀양시 상동면,경상사고,0,0,1,2,차대차 - 추돌,안전운전불이행,건조,맑음,단일로 - 기타,승용,남,30세,상해없음,승용,여,61세,부상신고
2022050500100153,2022년 5월 5일 11시,목요일,충청북도 제천시 금성면,경상사고,0,0,3,0,차대차 - 측면충돌,신호위반,건조,맑음,단일로 - 터널,승용,남,22세,상해없음,승용,남,37세,경상
2022050600100454,2022년 5월 6일 17시,금요일,강원도 춘천시 동산면,경상사고,0,0,2,0,차대차 - 추돌,안전운전불이행,건조,맑음,단일로 - 기타,특수,남,32세,경상,화물,남,41세,경상
2022051000100112,2022년 5월 10일 08시,화요일,대구광역시 수성구 시지동,경상사고,0,0,1,0,차대차 - 측면충돌,안전운전불이행,건조,맑음,단일로 - 기타,승용,남,31세,상해없음,승용,남,48세,경상
2022051000100261,2022년 5월 10일 12시,화요일,경상북도 군위군 효령면,경상사고,0,0,3,0,차대차 - 측면충돌,신호위반,건조,맑음,단일로 - 터널,건설기계,남,54세,상해없음,승용,여,54세,경상
2022051000100463,2022년 5월 10일 17시,화요일,경상북도 칠곡군 가산면,경상사고,0,0,2,0,차대차 - 추돌,안전운전불이행,건조,맑음,단일로 - 기타,화물,남,53세,경상,화물,남,35세,경상
2022051100100021,2022년 5월 11일 03시,수요일,부산광역시 강서구 대저1동,경상사고,0,0,1,0,차대차 - 기타,안전거리미확보,건조,맑음,단일로 - 기타,기타불명,기타불명,미분류,기타불명,승용,남,46세,상해없음
2022051200100204,2022년 5월 12일 11시,목요일,대구광역시 북구 금호동,경상사고,0,0,1,0,차대차 - 측면충돌,안전거리미확보,건조,맑음,단일로 - 기타,화물,남,61세,상해없음,승용,여,45세,경상
2022051400100418,2022년 5월 14일 16시,토요일,경상북도 청도군 청도읍,경상사고,0,0,1,0,차대차 - 추돌,안전운전불이행,건조,맑음,단일로 - 기타,승용,남,64세,상해없음,승용,남,52세,경상
2022051600100026,2022년 5월 16일 05시,월요일,경상남도 김해시 대동면,경상사고,0,0,1,0,차대차 - 측면충돌,안전거리미확보,건조,맑음,단일로 - 기타,화물,남,64세,상해없음,승용,남,27세,경상
2022052000100024,2022년 5월 20일 01시,금요일,경상북도 군위군 효령면,중상사고,0,1,2,0,차대차 - 추돌,안전운전불이행,건조,맑음,단일로 - 기타,특수,남,21세,경상,특수,남,53세,중상
2022052000100626,2022년 5월 20일 21시,금요일,경상북도 영주시 풍기읍,사망사고,1,0,0,0,차대차 - 추돌,안전운전불이행,건조,맑음,단일로 - 기타,화물,남,63세,사망,화물,남,44세,상해없음
2022052100100041,2022년 5월 21일 02시,토요일,강원도 원주시 신림면,중상사고,0,1,0,0,차대차 - 추돌,안전운전불이행,건조,맑음,단일로 - 기타,승용,남,26세,상해없음,승용,남,31세,상해없음
2022052200100039,2022년 5월 22일 03시,일요일,경상북도 의성군 안평면,중상사고,0,1,0,0,차대차 - 정면충돌,안전운전불이행,건조,맑음,단일로 - 기타,화물,남,42세,상해없음,승용,남,48세,중상
2022052200100354,2022년 5월 22일 17시,일요일,경상북도 칠곡군 동명면,중상사고,0,2,0,0,차대차 - 추돌,안전운전불이행,건조,맑음,단일로 - 터널,승용,남,45세,상해없음,승용,여,44세,중상
2022052300100088,2022년 5월 23일 08시,월요일,경상남도 김해시 대동면,경상사고,0,0,1,0,차대차 - 기타,차로위반,건조,맑음,단일로 - 기타,화물,남,66세,상해없음,승용,남,32세,경상
2022052400100587,2022년 5월 24일 22시,화요일,경상남도 밀양시 상남면,경상사고,0,0,1,0,차대차 - 기타,안전거리미확보,건조,맑음,단일로 - 기타,특수,남,61세,상해없음,승용,남,29세,경상
2022052500100215,2022년 5월 25일 11시,수요일,경상북도 칠곡군 동명면,경상사고,0,0,1,0,차대차 - 기타,기타,건조,맑음,단일로 - 기타,건설기계,남,53세,상해없음,승용,남,48세,경상
2022053000100523,2022년 5월 30일 22시,월요일,경상남도 김해시 대동면,중상사고,0,1,0,0,차대차 - 측면충돌,안전거리미확보,건조,맑음,단일로 - 기타,화물,남,63세,상해없음,승용,여,24세,중상
2022060100100448,2022년 6월 1일 18시,수요일,충청북도 단양군 적성면,경상사고,0,0,5,0,차대차 - 기타,안전거리미확보,건조,맑음,단일로 - 기타,화물,남,41세,상해없음,승용,여,34세,경상
2022060400100090,2022년 6월 4일 07시,토요일,경상남도 밀양시 용평동,경상사고,0,0,1,0,차대차 - 측면충돌,안전운전불이행,건조,맑음,단일로 - 기타,승용,남,29세,상해없음,승용,남,60세,경상
2022060400100411,2022년 6월 4일 17시,토요일,경상남도 밀양시 산외면,경상사고,0,0,2,0,차대차 - 기타,안전거리미확보,건조,맑음,단일로 - 기타,승용,남,61세,상해없음,승용,남,19세,경상
2022060400100580,2022년 6월 4일 23시,토요일,경상남도 김해시 상동면,경상사고,0,0,2,1,차대차 - 측면충돌,안전거리미확보,건조,맑음,단일로 - 기타,승용,남,61세,상해없음,승용,여,57세,경상
2022060500100306,2022년 6월 5일 18시,일요일,경상남도 밀양시 삼랑진읍,경상사고,0,0,2,0,차대차 - 추돌,안전운전불이행,건조,맑음,단일로 - 기타,승용,여,62세,상해없음,승용,남,53세,경상
2022060800100435,2022년 6월 8일 18시,수요일,강원도 원주시 신림면,경상사고,0,0,1,0,차대차 - 추돌,안전운전불이행,건조,맑음,단일로 - 교량,승용,남,40세,상해없음,승용,남,55세,경상
2022061000100256,2022년 6월 10일 13시,금요일,경상남도 김해시 상동면,중상사고,0,1,1,0,차대차 - 기타,안전운전불이행,건조,맑음,단일로 - 기타,승용,남,28세,중상,화물,남,58세,경상
2022061000100503,2022년 6월 10일 19시,금요일,부산광역시 강서구 대저1동,경상사고,0,0,1,0,차대차 - 추돌,안전거리미확보,건조,맑음,단일로 - 기타,승용,기타불명,미분류,기타불명,승용,남,41세,경상
2022061000100607,2022년 6월 10일 23시,금요일,경상북도 청도군 청도읍,경상사고,0,0,1,0,차대차 - 측면충돌,안전운전불이행,건조,맑음,단일로 - 교량,승용,남,25세,상해없음,화물,남,52세,경상
2022061600100189,2022년 6월 16일 11시,목요일,충청북도 단양군 적성면,사망사고,1,0,0,0,차대차 - 추돌,안전운전불이행,건조,맑음,단일로 - 기타,승용,남,71세,사망,화물,남,60세,기타불명
2022061600100353,2022년 6월 16일 16시,목요일,경상남도 밀양시 상남면,경상사고,0,0,1,0,차대차 - 기타,기타,건조,맑음,단일로 - 기타,화물,남,49세,상해없음,승용,남,45세,경상
2022061700100404,2022년 6월 17일 17시,금요일,부산광역시 강서구 대저1동,경상사고,0,0,1,0,차대차 - 기타,안전거리미확보,건조,맑음,단일로 - 기타,승합,여,63세,상해없음,승용,남,42세,경상
2022061800100248,2022년 6월 18일 13시,토요일,경상남도 김해시 대동면,경상사고,0,0,1,0,차대차 - 기타,안전거리미확보,건조,맑음,단일로 - 기타,승용,남,67세,상해없음,승용,남,37세,경상
2022061900100351,2022년 6월 19일 20시,일요일,경상남도 김해시 상동면,경상사고,0,0,2,0,차대차 - 측면충돌,안전거리미확보,건조,맑음,단일로 - 기타,승용,여,42세,상해없음,승용,남,30세,경상
2022062000100608,2022년 6월 20일 23시,월요일,경상남도 밀양시 용평동,경상사고,0,0,2,0,차대차 - 측면충돌,안전거리미확보,건조,맑음,단일로 - 기타,화물,남,59세,상해없음,승용,남,34세,경상
2022062100100257,2022년 6월 21일 13시,화요일,경상북도 안동시 풍산읍,중상사고,0,1,0,0,차대차 - 추돌,안전운전불이행,건조,맑음,단일로 - 기타,건설기계,남,66세,상해없음,승용,여,30세,중상
2022062100100332,2022년 6월 21일 15시,화요일,강원도 춘천시 동내면,사망사고,2,0,0,0,차대차 - 추돌,안전운전불이행,건조,맑음,단일로 - 기타,화물,남,54세,사망,화물,남,54세,상해없음
2022062700100189,2022년 6월 27일 11시,월요일,경상남도 김해시 대동면,중상사고,0,1,1,0,차대차 - 측면충돌,안전거리미확보,건조,맑음,단일로 - 기타,특수,남,73세,상해없음,승용,여,60세,경상
2022063000100014,2022년 6월 30일 00시,목요일,충청북도 제천시 봉양읍,사망사고,1,0,0,0,차량단독 - 공작물충돌,안전운전불이행,젖음/습기,비,단일로 - 기타,특수,남,52세,사망,,,,
2022070100100235,2022년 7월 1일 12시,금요일,경상남도 김해시 대동면,경상사고,0,0,4,0,차대차 - 추돌,안전거리미확보,건조,맑음,단일로 - 기타,승용,남,27세,상해없음,승용,남,43세,경상
2022070100100477,2022년 7월 1일 17시,금요일,대구광역시 동구 용계동,경상사고,0,0,1,0,차대차 - 측면충돌,안전운전불이행,건조,맑음,단일로 - 기타,건설기계,남,57세,상해없음,승용,남,31세,경상
2022070200100122,2022년 7월 2일 09시,토요일,부산광역시 강서구 대저1동,경상사고,0,0,1,0,차대차 - 측면충돌,안전거리미확보,건조,맑음,단일로 - 기타,승용,남,67세,상해없음,승용,남,22세,경상
2022070200100213,2022년 7월 2일 11시,토요일,대구광역시 북구 관음동,경상사고,0,0,1,0,차대차 - 측면충돌,안전운전불이행,건조,맑음,단일로 - 기타,승용,남,80세,상해없음,승용,남,42세,경상
2022070300100261,2022년 7월 3일 15시,일요일,경상남도 김해시 대동면,중상사고,0,1,0,0,차대차 - 측면충돌,안전거리미확보,건조,맑음,단일로 - 기타,승용,남,64세,상해없음,승용,남,37세,중상
2022070400100017,2022년 7월 4일 03시,월요일,경상남도 밀양시 삼랑진읍,경상사고,0,0,1,0,차대차 - 추돌,안전운전불이행,건조,맑음,단일로 - 기타,승용,남,31세,상해없음,화물,남,39세,경상
2022070600100301,2022년 7월 6일 15시,수요일,경상남도 밀양시 가곡동,경상사고,0,0,1,0,차대차 - 기타,안전운전불이행,건조,맑음,단일로 - 기타,특수,남,66세,상해없음,승용,남,60세,상해없음
2022070600100412,2022년 7월 6일 18시,수요일,경상남도 김해시 대동면,경상사고,0,0,1,1,차대차 - 기타,차로위반,건조,맑음,단일로 - 기타,승용,남,68세,상해없음,승용,남,48세,경상
2022070700100007,2022년 7월 7일 00시,목요일,경상남도 밀양시 활성동,중상사고,0,1,0,0,차대차 - 추돌,안전거리미확보,건조,맑음,단일로 - 기타,화물,남,29세,상해없음,특수,남,70세,중상
2022070800100038,2022년 7월 8일 05시,금요일,대구광역시 수성구 가천동,사망사고,1,0,1,0,차량단독 - 전도전복 - 전도,안전운전불이행,건조,맑음,단일로 - 기타,화물,남,66세,경상,,,,
2022070900100247,2022년 7월 9일 13시,토요일,강원도 횡성군 횡성읍,경상사고,0,0,2,0,차대차 - 측면충돌,신호위반,건조,맑음,단일로 - 기타,승용,남,57세,상해없음,승용,남,41세,경상
2022071000100376,2022년 7월 10일 20시,일요일,충청북도 제천시 봉양읍,사망사고,1,7,11,0,차대차 - 기타,기타,젖음/습기,비,단일로 - 기타,승합,남,46세,사망,승용,남,24세,경상
2022071200100401,2022년 7월 12일 18시,화요일,강원도 원주시 무실동,경상사고,0,0,2,0,차대차 - 측면충돌,기타,건조,맑음,단일로 - 기타,승용,남,49세,상해없음,승용,남,48세,경상
2022071200100486,2022년 7월 12일 21시,화요일,경상북도 경산시 남천면,중상사고,0,1,1,0,차대차 - 추돌,안전운전불이행,건조,맑음,단일로 - 기타,화물,남,53세,경상,화물,남,37세,중상